{
  "version": "6.0.0-MASTER-DARK",
  "installPath": "C:\\DFIR-Tools",
  "autoIntegrate": true,
  "createArtifacts": true,
  "pathIntegration": true,
  "menuIntegration": false,
  "categories": {
    "memoryAnalysis": {
      "enabled": true,
      "tools": ["Volatility3", "Rekall"]
    },
    "diskForensics": {
      "enabled": true,
      "tools": ["Autopsy", "TSK", "FTKImager"]
    },
    "malwareAnalysis": {
      "enabled": true,
      "tools": ["YARA", "Cuckoo", "REMnux"]
    },
    "networkAnalysis": {
      "enabled": true,
      "tools": ["Wireshark", "NetworkMiner"]
    },
    "timelineAnalysis": {
      "enabled": true,
      "tools": ["Plaso", "Log2Timeline"]
    },
    "systemMonitoring": {
      "enabled": true,
      "tools": ["OSQuery", "Sysmon"]
    },
    "logAnalysis": {
      "enabled": true,
      "tools": ["Sigma", "Splunk", "ELK"]
    },
    "threatIntelligence": {
      "enabled": true,
      "tools": ["MISP", "OpenCTI"]
    }
  }
}
