{
  "Components": {
    "MainGUI": "VelociraptorUltimate-MASTER-COMBINED.ps1",
    "Directories": 10,
    "PowerShellLauncher": "Start-VelociraptorUltimate-Master.ps1",
    "StartupScript": "Start-VelociraptorUltimate-Master.bat",
    "Scripts": 13,
    "ConfigTemplates": 2
  },
  "Version": "6.0.0-MASTER-DARK",
  "ReleaseDate": "2025-09-16",
  "Features": [
    "Dark Theme Interface",
    "8-Step Installation Wizard",
    "5 Advanced Deployment Modes",
    "Real-time Monitoring",
    "Third-Party Tools Management",
    "Velociraptor Integration",
    "Security Framework",
    "Configuration Management"
  ],
  "Requirements": {
    "Disk": "10GB free space",
    "Privileges": "Administrator required",
    "PowerShell": "5.1+ or PowerShell Core 7.0+",
    "Network": "Internet access for downloads",
    "OS": "Windows 10/11, Windows Server 2016+",
    "Memory": "4GB RAM minimum, 8GB recommended"
  },
  "BuildNumber": "20250916-1801"
}
